id;name;type;start_date;end_date;location;establishment;description;created;created_by;updated;updated_by
1;Frozen;PROFESSIONNAL_EXPERIENCE;2023-02-14;2023-02-14;Tennessee Home;Tugrik Mauritania;Germany Pants;2023-02-14T04:16:21;94647;2023-02-14T04:33:04;88828
2;Table Account indexing;PROFESSIONNAL_EXPERIENCE;2023-02-14;2023-02-14;Factors front-end;moratorium;payment Mobility models;2023-02-14T10:18:31;88610;2023-02-14T12:03:09;14369
3;models input;PROFESSIONNAL_EXPERIENCE;2023-02-14;2023-02-14;Grocery;Keyboard Common distributed;Berkshire Frozen;2023-02-14T04:43:15;77596;2023-02-14T16:19:32;85415
4;withdrawal Rustic;PROFESSIONNAL_EXPERIENCE;2023-02-14;2023-02-14;Auto;Credit;Generic;2023-02-13T22:12:58;83488;2023-02-14T00:20:18;161
5;auxiliary structure;PROFESSIONNAL_EXPERIENCE;2023-02-14;2023-02-14;Investor Myanmar;Fantastic Intelligent indexing;tolerance;2023-02-14T00:51:17;98756;2023-02-14T18:43:56;12034
6;synthesizing vortals Chicken;PROFESSIONNAL_EXPERIENCE;2023-02-13;2023-02-14;Cotton infomediaries;teal Wooden transmitting;ubiquitous;2023-02-14T11:21:24;42202;2023-02-14T00:31:56;33833
7;Shoes revolutionize;PROFESSIONNAL_EXPERIENCE;2023-02-13;2023-02-14;platforms;New Global;Regional Awesome Assurance;2023-02-14T11:39:57;50730;2023-02-14T18:54:36;61511
8;Table;PROFESSIONNAL_EXPERIENCE;2023-02-14;2023-02-14;pixel Helena;blockchains Engineer deposit;teal mindshare;2023-02-14T17:16:00;63234;2023-02-14T11:25:31;42849
9;payment;PROFESSIONNAL_EXPERIENCE;2023-02-14;2023-02-14;National Branding Fields;Card;Pizza reboot;2023-02-13T23:04:47;97899;2023-02-14T09:43:54;80498
10;Gloves Virginia deposit;TRAINING;2023-02-14;2023-02-14;multi-state Gabon;Manager;deposit orange Borders;2023-02-14T13:03:04;83741;2023-02-14T21:00:48;68177
